record_time,app_id,sid,total_req_count,error_count,resp_time_sum
1700179200000,753,1008,8045604,147829,150846.344
1700265600000,753,1008,8211182,155855,153336.21300000002
1700352000000,753,1008,8499636,161564,157248.92
1700438400000,753,1008,7965131,171451,147533.65600000002
1700524800000,753,1008,7664270,162278,142651.83299999998
1700611200000,753,1008,7880117,132579,148066.18
1700697600000,753,1008,8351497,174788,134506.95099999997
1700784000000,753,1008,8609853,170028,133772.382
1700870400000,753,1008,8320753,134209,138042.29700000002
1700956800000,753,1008,8324681,180532,142785.77500000002
1701043200000,753,1008,8302800,146251,131255.953
1701129600000,753,1008,8532860,179362,136827.204
1701216000000,753,1008,8437243,179807,129811.78900000002
1701302400000,753,1008,8823710,257773,149368.85900000017
1701388800000,753,1008,8495383,177633,138569.292
1701475200000,753,1008,8619443,138595,135604.2409999999
1701561600000,753,1008,8847760,191664,136950.45299999978
1701648000000,753,1008,8748333,149860,136844.32199999993
1701734400000,753,1008,8715470,197627,143316.88100000014
